held,n_tr,n_ev,acc,f1_macro,iter,f1_bad,f1_bad_ok,f1_good,f1_merged
755252,1425,420,0.7333333333333333,0.7256609028267333,56,0.788235294117647,0.6127659574468085,0.6101694915254238,0.8914728682170543
767018,1547,298,0.6409395973154363,0.6400553842988503,84,0.651685393258427,0.5419354838709678,0.6732673267326733,0.6933333333333334
767022,1583,262,0.7290076335877863,0.7225285288176403,54,0.676923076923077,0.6351351351351351,0.7411764705882353,0.8368794326241135
782149,1554,291,0.6529209621993127,0.6330103264459702,86,0.6885245901639344,0.4,0.7046632124352331,0.7388535031847133
788406,1562,283,0.7314487632508834,0.7336661099301549,55,0.775,0.6756756756756757,0.675,0.8089887640449438
790322,1554,291,0.7319587628865979,0.7336561791932765,76,0.76,0.6493506493506493,0.7570621468926554,0.7682119205298014
