held,n_tr,n_ev,auc,ap,brier,acc@0.5,iter
755252,1425,420,0.9415406245039569,0.946413632881723,0.09821360817792402,0.8642857142857143,203
767018,1547,298,0.8866161616161616,0.9339681727797913,0.14232009023305703,0.7751677852348994,82
767022,1583,262,0.9387654320987655,0.9633481010634274,0.09854419994378137,0.8664122137404581,100
782149,1554,291,0.8882633587786259,0.9048842453718586,0.14058928041912433,0.8109965635738832,134
788406,1562,283,0.9439092915914108,0.9566451403709167,0.10288441983328113,0.8621908127208481,41
790322,1554,291,0.9242409545057717,0.9455312255488448,0.10919679405576475,0.852233676975945,86
