{
  "n_p1": 580,
  "n_p4": 726,
  "n_p6": 497,
  "n_merged": 744,
  "wall_p1_s": 111.49762415885925,
  "wall_p4_s": 9.436670303344727,
  "wall_p6_s": 6.719293594360352,
  "method": "auto",
  "chosen_strategy": "union_conf",
  "sparse_threshold": 10000,
  "dense_threshold": 20000,
  "n_hcr_gfp": 9161
}