{
  "n_p1": 672,
  "n_p4": 747,
  "n_p6": 576,
  "n_merged": 851,
  "wall_p1_s": 81.02085971832275,
  "wall_p4_s": 11.2876296043396,
  "wall_p6_s": 11.870789527893066,
  "method": "auto",
  "chosen_strategy": "up_p1_p4_p6",
  "sparse_threshold": 10000,
  "dense_threshold": 20000,
  "n_hcr_gfp": 14239
}