{
  "n_p1": 415,
  "n_p4": 546,
  "n_p6": 318,
  "n_merged": 662,
  "wall_p1_s": 80.02171874046326,
  "wall_p4_s": 7.504984140396118,
  "wall_p6_s": 5.821515798568726,
  "method": "auto",
  "chosen_strategy": "union_conf",
  "sparse_threshold": 10000,
  "dense_threshold": 20000,
  "n_hcr_gfp": 3831
}