{
  "n_p1": 647,
  "n_p4": 790,
  "n_p6": 603,
  "n_merged": 893,
  "wall_p1_s": 108.33095479011536,
  "wall_p4_s": 11.297066688537598,
  "wall_p6_s": 8.828045845031738,
  "method": "auto",
  "chosen_strategy": "up_p1_p4_p6",
  "sparse_threshold": 10000,
  "dense_threshold": 20000,
  "n_hcr_gfp": 10131
}