subject,c5_r20,g1loso_r20,g1loso_hits,g1loso_n,g1loso_med,train_loss_final,train_loss_mean50,n_hcr_kept,delta,train_s,infer_s
767018,0.315018315018315,0.054945054945054944,15,524,198.1933750404089,2.4968180656433105,2.6213780400156974,2869,-0.26007326007326004,1084.6618432998657,6.731934070587158
