feature,755252
abs_diff_lap,0.2647058823529412
abs_diff_mean,0.25245098039215685
abs_diff_p90,0.25980392156862747
abs_diff_std,0.27450980392156865
cos,0.6004901960784313
cz_lap,0.5
cz_mean,0.5
cz_p90,0.5
cz_std,0.5
dist_um,0.35294117647058826
hcr_lap,0.7352941176470589
hcr_mean,0.7475490196078431
hcr_p90,0.7401960784313726
hcr_std,0.7352941176470589
