subject,n_gt,cz_tilt,hcr_tilt,cz_depth_extent,hcr_depth_extent,pia_or,pia_seed,pia_trim,pia_med,pia_sxy,pia_sz,pia_ss,xyz_or,xyz_seed,xyz_trim,xyz_med
788406,787,2.9002164504356323,2.7630859424772476,403.93059942581357,1269.9136436256913,159,gfp_dz-100,0.9,90.91300989440896,1.533200055509464,2.233273606819297,43,191,gfp_dz-100,0.4,77.60382629025554
755252,639,3.0765313378660877,9.32876021538465,418.9165290802982,1022.1352808971401,170,hcr_gfp,0.6,73.5086667393494,1.7470857707041185,2.2428119421181503,170,179,hcr_gfp,0.6,73.84703306520824
767022,793,0.6573462895009444,3.8513625106787472,407.09089992451345,1048.3809677176748,0,,,,,,0,0,,,
782149,303,1.9792300924786925,11.074671595923498,418.116711017292,787.7791962099526,0,,,,,,0,0,,,
