{
  "767018": {
    "sid": "767018",
    "overlap_aabb_um": [
      698.2876592105544,
      1418.6574405076103,
      728.7919298905804,
      1503.2736424649609,
      609.3877303802436,
      1377.0
    ],
    "A_xy_um2": 557913.2219057758,
    "bin_edges_um": [
      100.0,
      150.0,
      200.0,
      250.0,
      300.0,
      350.0,
      400.0,
      450.0,
      500.0,
      550.0,
      600.0,
      650.0,
      700.0,
      750.0,
      800.0,
      850.0,
      900.0,
      950.0,
      1000.0,
      1050.0,
      1100.0,
      1150.0
    ],
    "bin_centers_um": [
      125.0,
      175.0,
      225.0,
      275.0,
      325.0,
      375.0,
      425.0,
      475.0,
      525.0,
      575.0,
      625.0,
      675.0,
      725.0,
      775.0,
      825.0,
      875.0,
      925.0,
      975.0,
      1025.0,
      1075.0,
      1125.0
    ],
    "counts_cz_all": [
      0,
      0,
      0,
      0,
      0,
      7,
      30,
      36,
      34,
      26,
      31,
      34,
      30,
      25,
      32,
      60,
      22,
      26,
      30,
      19,
      9
    ],
    "counts_cz_coreg": [
      0,
      0,
      0,
      0,
      0,
      4,
      20,
      16,
      18,
      13,
      14,
      13,
      20,
      9,
      14,
      23,
      6,
      5,
      3,
      0,
      0
    ],
    "counts_hcr_gfp_strict": [
      0,
      0,
      0,
      0,
      6,
      26,
      51,
      44,
      46,
      44,
      47,
      49,
      44,
      52,
      62,
      84,
      79,
      62,
      31,
      0,
      0
    ],
    "density_cz_all_per_mm3": [
      0.0,
      0.0,
      0.0,
      0.0,
      0.0,
      250.93508184260983,
      1075.4360650397566,
      1290.523278047708,
      1218.8275403783907,
      932.0445897011223,
      1111.2839338744152,
      1218.8275403783907,
      1075.4360650397566,
      896.1967208664637,
      1147.1318027090736,
      2150.872130079513,
      788.653114362488,
      932.0445897011223,
      1075.4360650397566,
      681.1095078585124,
      322.630819511927
    ],
    "density_cz_coreg_per_mm3": [
      0.0,
      0.0,
      0.0,
      0.0,
      0.0,
      143.3914753386342,
      716.9573766931709,
      573.5659013545368,
      645.261639023854,
      466.02229485056114,
      501.87016368521967,
      466.02229485056114,
      716.9573766931709,
      322.630819511927,
      501.87016368521967,
      824.5009831971465,
      215.08721300795128,
      179.23934417329272,
      107.54360650397564,
      0.0,
      0.0
    ],
    "density_hcr_per_mm3": [
      0.0,
      0.0,
      0.0,
      0.0,
      215.08721300795128,
      932.0445897011223,
      1828.241310567586,
      1577.306228724976,
      1649.001966394293,
      1577.306228724976,
      1684.8498352289516,
      1756.5455728982688,
      1577.306228724976,
      1864.0891794022446,
      2222.5678677488304,
      3011.220982111318,
      2831.9816379380254,
      2222.5678677488304,
      1111.2839338744152,
      0.0,
      0.0
    ],
    "ratio_cz_all_over_hcr": [
      NaN,
      NaN,
      NaN,
      NaN,
      0.0,
      0.2692307692307692,
      0.5882352941176471,
      0.8181818181818182,
      0.7391304347826086,
      0.5909090909090909,
      0.6595744680851063,
      0.6938775510204082,
      0.6818181818181818,
      0.4807692307692308,
      0.5161290322580645,
      0.7142857142857143,
      0.27848101265822783,
      0.41935483870967744,
      0.967741935483871,
      NaN,
      NaN
    ],
    "ratio_cz_coreg_over_hcr": [
      NaN,
      NaN,
      NaN,
      NaN,
      0.0,
      0.15384615384615385,
      0.39215686274509803,
      0.36363636363636365,
      0.391304347826087,
      0.29545454545454547,
      0.2978723404255319,
      0.2653061224489796,
      0.45454545454545453,
      0.17307692307692307,
      0.22580645161290322,
      0.27380952380952384,
      0.0759493670886076,
      0.08064516129032258,
      0.0967741935483871,
      NaN,
      NaN
    ],
    "cv_cz_all": 0.4095638389054229,
    "cv_cz_coreg": 0.48976392624052517,
    "cv_hcr": 0.38643427168797617,
    "cv_ratio_cz_all": 0.31467698341291955,
    "n_cz_all_in_overlap": 451,
    "n_cz_coreg_in_overlap": 178,
    "n_hcr_in_overlap": 727,
    "figure": "/root/capsule/code/sessions/07e_sz_from_zvar_profile/figures_gt_depth/767018.png"
  },
  "782149": {
    "sid": "782149",
    "overlap_aabb_um": [
      675.2102539379104,
      1456.1070577910878,
      914.08324125796,
      1651.5002628811014,
      591.6198119929826,
      886.0
    ],
    "A_xy_um2": 575846.5952924405,
    "bin_edges_um": [
      100.0,
      150.0,
      200.0,
      250.0,
      300.0,
      350.0,
      400.0,
      450.0,
      500.0,
      550.0,
      600.0,
      650.0,
      700.0
    ],
    "bin_centers_um": [
      125.0,
      175.0,
      225.0,
      275.0,
      325.0,
      375.0,
      425.0,
      475.0,
      525.0,
      575.0,
      625.0,
      675.0
    ],
    "counts_cz_all": [
      0,
      0,
      0,
      0,
      0,
      27,
      34,
      48,
      35,
      17,
      3,
      1
    ],
    "counts_cz_coreg": [
      0,
      0,
      0,
      0,
      0,
      24,
      29,
      33,
      16,
      0,
      0,
      0
    ],
    "counts_hcr_gfp_strict": [
      0,
      0,
      3,
      15,
      37,
      39,
      46,
      50,
      23,
      4,
      0,
      0
    ],
    "density_cz_all_per_mm3": [
      0.0,
      0.0,
      0.0,
      0.0,
      0.0,
      937.7497486561746,
      1180.8700538633311,
      1667.110664277644,
      1215.601526035782,
      590.4350269316656,
      104.19441651735275,
      34.731472172450914
    ],
    "density_cz_coreg_per_mm3": [
      0.0,
      0.0,
      0.0,
      0.0,
      0.0,
      833.555332138822,
      1007.2126930010764,
      1146.13858169088,
      555.7035547592146,
      0.0,
      0.0,
      0.0
    ],
    "density_hcr_per_mm3": [
      0.0,
      0.0,
      104.19441651735275,
      520.9720825867637,
      1285.0644703806838,
      1354.5274147255857,
      1597.6477199327421,
      1736.5736086225456,
      798.8238599663711,
      138.92588868980366,
      0.0,
      0.0
    ],
    "ratio_cz_all_over_hcr": [
      NaN,
      NaN,
      0.0,
      0.0,
      0.0,
      0.6923076923076923,
      0.7391304347826086,
      0.96,
      1.5217391304347827,
      4.25,
      NaN,
      NaN
    ],
    "ratio_cz_coreg_over_hcr": [
      NaN,
      NaN,
      0.0,
      0.0,
      0.0,
      0.6153846153846154,
      0.6304347826086957,
      0.66,
      0.6956521739130435,
      0.0,
      NaN,
      NaN
    ],
    "cv_cz_all": 0.6847680295996592,
    "cv_cz_coreg": 0.24879563804802982,
    "cv_hcr": 0.6383944002129047,
    "cv_ratio_cz_all": 0.821668018972494,
    "n_cz_all_in_overlap": 165,
    "n_cz_coreg_in_overlap": 102,
    "n_hcr_in_overlap": 217,
    "figure": "/root/capsule/code/sessions/07e_sz_from_zvar_profile/figures_gt_depth/782149.png"
  },
  "788406": {
    "sid": "788406",
    "overlap_aabb_um": [
      860.0668973798201,
      1521.900312261625,
      813.3108136353641,
      1572.7293888493573,
      385.85932884055603,
      1196.4190158036909
    ],
    "A_xy_um2": 502608.5889585519,
    "bin_edges_um": [
      100.0,
      150.0,
      200.0,
      250.0,
      300.0,
      350.0,
      400.0,
      450.0,
      500.0,
      550.0,
      600.0,
      650.0,
      700.0,
      750.0,
      800.0,
      850.0,
      900.0,
      950.0,
      1000.0,
      1050.0,
      1100.0
    ],
    "bin_centers_um": [
      125.0,
      175.0,
      225.0,
      275.0,
      325.0,
      375.0,
      425.0,
      475.0,
      525.0,
      575.0,
      625.0,
      675.0,
      725.0,
      775.0,
      825.0,
      875.0,
      925.0,
      975.0,
      1025.0,
      1075.0
    ],