subject,m1_ncc,m1_robust_z,m1_sxy,m1_sz,m1_n_peaks,m1_t_xyz,gt_sxy,gt_sz,n_gt,m1_n_lt5,m1_n_lt50,m1_n_lt100,m1_median_um,icp_n_lt5,icp_n_lt50,icp_median_um,icp_sxy,icp_sz,t_m1_s,t_icp_s,error
788406,0.4837106168270111,-0.22873864421345777,1.2999999999999998,2.9,60.0,"[1113.9577607865135, 1595.9366411797703, 689.0]",1.7968436588149925,2.8217672721575737,787.0,0.0,0.0,0.0,429.4926861354438,0.0,0.0,427.20755893409523,1.5222069506971587,2.8706662978686643,10.572680473327637,0.8224537372589111,
755252,0.5205164551734924,-0.8072963003111574,1.2999999999999998,2.5,48.0,"[311.97306833911654, 311.97306833911654, 779.0]",1.53425954576923,2.140298633192138,639.0,0.0,0.0,1.0,900.8705809949082,0.0,0.0,895.9567634124293,1.4757535511768918,2.648958647989649,5.609164714813232,0.9424552917480469,
767018,0.5381467938423157,1.1029699453839503,2.1500000000000004,1.9000000000000001,54.0,"[483.9461366782331, 1824.9326708477913, 930.0]",1.7290639244976265,3.5118733858110853,273.0,0.0,0.0,0.0,922.121599478539,0.0,0.0,925.2443762285291,1.5034992214397702,2.6354893575030474,8.991982460021973,0.4556772708892822,
767022,0.5576877593994141,-0.4461964378594726,1.2999999999999998,2.5,48.0,"[1511.9730683391165, 1510.9865341695584, 798.0]",1.6747939009855841,2.4913369266803924,793.0,0.0,1.0,3.0,665.5421009307495,0.0,0.0,670.8456439173602,1.5002417283339087,3.727163291219154,5.465156078338623,0.26738691329956055,
782149,,,,,,,,,,,,,,,,,,,0.662057638168335,,no transform
790322,0.4962255358695984,0.5898003275982396,1.2999999999999998,1.9000000000000001,45.0,"[310.0, 1951.9604446371998, 778.0]",1.7991283655603907,3.0315665652534367,778.0,0.0,0.0,0.0,1128.4356958117733,0.0,0.0,1120.3793054969296,1.509815247912441,2.9848017448087067,6.8646979331970215,0.21742033958435059,
