subject,n_hcr,p1_r20,p1_n,p1_med,p4_r20,p4_n,p4_med,p6_r20,p6_n,p6_med,p1p6_auto,uc3,up3,auto3,auto3_p4,oracle3
788406,17427,0.2337992376111817,635,80.19153387144371,0.17280813214739518,738,93.10663635861931,0.17534942820838628,594,80.34179859974476,0.25158831003811943,0.20330368487928843,0.2630241423125794,0.2630241423125794,0.2630241423125794,0.2337992376111817
790322,10131,0.2506426735218509,508,60.89749898962522,0.17737789203084833,606,82.14530329489253,0.2236503856041131,481,60.772663208685216,0.2686375321336761,0.2300771208226221,0.2892030848329049,0.2892030848329049,0.2892030848329049,0.2506426735218509
755252,30804,0.04381846635367762,461,98.51161838614036,0.09076682316118936,558,101.66283912587929,0.051643192488262914,543,102.37691474573334,0.054773082942097026,0.0892018779342723,0.06572769953051644,0.06572769953051644,0.09546165884194054,0.09076682316118936
767022,14239,0.1034047919293821,593,110.90629262242818,0.04791929382093316,658,136.8975785622447,0.05296343001261034,525,123.86177683510087,0.11727616645649433,0.0832282471626734,0.11727616645649433,0.11727616645649433,0.11727616645649433,0.1034047919293821
767018,9161,0.14285714285714285,223,80.23489286351419,0.3076923076923077,267,72.07270100070892,0.26373626373626374,216,65.7145602479514,0.2783882783882784,0.315018315018315,0.19413919413919414,0.315018315018315,0.315018315018315,0.3076923076923077
782149,3831,0.0,140,1134.9367993992,0.0,199,1144.398099058767,0.0,118,1144.3512308347092,0.0,0.0,0.0,0.0,0.0,0.0
