held,n_tr,n_ev,acc,f1_macro,iter,f1_bad,f1_bad_ok,f1_good,f1_merged
755252,1425,420,0.7380952380952381,0.7335429660305433,55,0.7816091954022989,0.6200873362445415,0.6594594594594595,0.873015873015873
767018,1547,298,0.6510067114093959,0.652842522974102,78,0.6888888888888889,0.5714285714285714,0.68,0.6710526315789473
767022,1583,262,0.7404580152671756,0.7345891083596334,64,0.7076923076923077,0.6301369863013698,0.783625730994152,0.8169014084507042
782149,1554,291,0.6357388316151202,0.6120405582932607,110,0.6771653543307087,0.3302752293577982,0.6907216494845361,0.75
788406,1562,283,0.7314487632508834,0.7312322479632615,70,0.7560975609756098,0.6802721088435374,0.675,0.8135593220338984
790322,1554,291,0.7353951890034365,0.7375242667623876,74,0.7578947368421053,0.6797385620915033,0.7391304347826086,0.7733333333333333
