held,n_tr,n_ev,auc,ap,brier,acc@0.5,iter
755252,1425,420,0.9418127395179029,0.9475569139028436,0.1003649864984631,0.8714285714285714,40
767018,1547,298,0.885,0.9353954940012312,0.1469642655570854,0.7785234899328859,95
767022,1583,262,0.9382716049382716,0.9628635939005135,0.09842502765619193,0.8664122137404581,100
782149,1554,291,0.889432251908397,0.903990691258269,0.13997004743436653,0.8109965635738832,96
788406,1562,283,0.9500301023479831,0.9607745708895352,0.0974031274375239,0.8551236749116607,45
790322,1554,291,0.9183722960519933,0.9422063411871189,0.1150242370045321,0.8316151202749141,99
