subject,n_gt,n_common,n_agree,agree_frac,p1_r20,p14_r20,intersect_r20,intersect_prec,fallback_r20,fallback_prec
788406,787,594,418,0.704,0.2096569250317662,0.21092757306226176,0.14612452350698857,0.31043956043956045,0.2096569250317662,0.2552166934189406
755252,639,629,405,0.644,0.04381846635367762,0.057902973395931145,0.03286384976525822,0.052478134110787174,0.04381846635367762,0.03874538745387454
767022,793,483,190,0.393,0.10844892812105927,0.05296343001261034,0.03909205548549811,0.12290502793296089,0.10844892812105927,0.09785932721712538
782149,303,111,71,0.64,0.0,0.0,0.0,0.0,0.0,0.0
