{
  "has_teaser": false,
  "n_inliers": 69,
  "n_putative": 4660,
  "c_bar": 15.0,
  "scales": [
    0.9985596059823767,
    0.9849641926648243,
    0.9912764784006273
  ],
  "i2_transform_scales": [
    2.797324620485963,
    1.800542743071801,
    1.7937522577043763
  ],
  "i2_metric": -0.0035668865763897406
}