subject_id,sz_gt,sz_lp,sz_peak,ncc_peak,ncc_med,peak_ratio,sem_at_peak,sz_err_vs_gt,cz_mean_depth_um,runtime_s
755252,2.129007874042843,2.4619356060984363,2.1000000000000005,0.10793040580686053,0.0637076098555481,1.6941524890289257,0.012734410719297807,-0.029007874042842552,191.8697230315109,54.2
767018,3.582993370922919,3.6400132851535747,3.600000000000002,0.1356425925519795,0.06701074724677138,2.024191612913477,0.0049245626258250744,0.017006629077082724,156.03161124446564,50.3
767022,2.489843884813639,2.7359885518595926,2.400000000000001,0.1274787110369678,0.06151913502627188,2.072179834494223,0.007542341272575569,-0.08984388481363803,202.55032083254062,54.8
782149,2.9261123017624158,1.773256083272618,2.9000000000000012,0.09064626092058069,0.06619407451231618,1.3694014394553533,0.006904190642198338,-0.026112301762414525,172.11080420466476,39.8
788406,2.820280934893487,3.59576192009481,2.800000000000001,0.10641261030969837,0.06493315060359629,1.6388025118221317,0.003272176741007211,-0.020280934893485814,175.8758980385038,56.1
790322,3.041690764462836,2.896201051755033,3.1000000000000014,0.13339893161940825,0.0693204384870016,1.9243809550400075,0.013332911769565364,0.05830923553716527,190.4949765606989,38.8
