subject_id,sz_gt,sxy_gt,sz_lp,sz_peak,ncc_peak,ncc_median,peak_ratio,half_width,passed,fail_reason,tz_offset_um,sz_err_vs_gt,runtime_s
755252,2.129007874042843,1.6195466983907951,2.4619356060984363,2.3000000000000007,0.35806867773333106,0.34158536537961326,1.0482553236301544,0.40000000000000036,False,peak_ratio=1.05<1.1; half_width=0.40>0.3,-32.0,0.17099212595715763,603.3
767018,3.582993370922919,1.7185763288832643,3.6400132851535747,3.4000000000000017,0.2807110226583969,0.25608931589880024,1.0961449979792461,0.8000000000000003,False,peak_ratio=1.10<1.1; half_width=0.80>0.3,0.0,-0.18299337092291745,512.0
767022,2.489843884813639,1.8374538255661768,2.7359885518595926,1.8000000000000003,0.392071839179278,0.37295024223619033,1.0512711744827825,0.30000000000000027,False,peak_ratio=1.05<1.1; half_width=0.30>0.3,-360.0,-0.6898438848136386,740.7
782149,2.9261123017624158,1.8685279672328887,1.773256083272618,1.8000000000000003,0.35248208762203287,0.24873484102646168,1.4170997764825959,0.9000000000000008,False,half_width=0.90>0.3,-256.0,-1.1261123017624155,434.6
788406,2.820280934893487,1.8678020151105577,3.59576192009481,2.9000000000000012,0.4210864733133844,0.3289181974965336,1.280216407965151,0.7000000000000006,False,half_width=0.70>0.3,-104.0,0.07971906510651428,776.1
790322,3.041690764462836,1.8714917114854255,2.896201051755033,3.0000000000000013,0.4356183638534597,0.2524057205886362,1.7258656532726466,0.6000000000000005,False,half_width=0.60>0.3,28.0,-0.04169076446283482,598.1
