subject_id,sz_gt,sxy_gt,sz_lp,sz_peak,ncc_peak,ncc_median,peak_ratio,half_width,passed,fail_reason,tz_offset_um,sz_err_vs_gt,runtime_s
755252,2.129007874042843,1.6195466983907951,2.4619356060984363,2.3000000000000007,0.3580412752604551,0.26397149613693527,1.356363397185585,0.6000000000000005,False,half_width=0.60>0.3,-31.070539891046685,0.17099212595715763,96.0
767018,3.582993370922919,1.7185763288832643,3.6400132851535747,2.9000000000000012,0.297753336871368,0.23713620397040217,1.2556215874507788,0.7000000000000006,False,half_width=0.70>0.3,-115.46546522482227,-0.6829933709229179,91.0
767022,2.489843884813639,1.8374538255661768,2.7359885518595926,2.500000000000001,0.3625754014696371,0.27144922736871674,1.3357024626087488,0.5000000000000004,False,half_width=0.50>0.3,-47.799556891966944,0.010156115186362058,95.7
782149,2.9261123017624158,1.8685279672328887,1.773256083272618,1.5,0.13931076096221795,0.039115367712867416,3.5615352509236464,2.5000000000000018,False,half_width=2.50>0.3,-47.03032424586714,-1.4261123017624158,72.5
788406,2.820280934893487,1.8678020151105577,3.59576192009481,3.4000000000000017,0.37714793670261104,0.3175788051205173,1.1875727555542883,0.7000000000000006,False,half_width=0.70>0.3,-34.429803498416256,0.5797190651065147,101.5
790322,3.041690764462836,1.8714917114854255,2.896201051755033,3.0000000000000013,0.45931698566075335,0.31131495527074277,1.4754093174267744,0.7000000000000006,False,half_width=0.70>0.3,19.773178212950405,-0.04169076446283482,75.5
