{
  "landmark_fit": {
    "scales": [
      1.6918156672554574,
      1.8678020151105574,
      2.8202809348934874
    ],
    "translation": [
      1504.2925283065047,
      1516.7212144130774,
      -41.453125548856065
    ],
    "R": [
      [
        -0.9990705480597692,
        0.04310016037292869,
        0.0006451165628386516
      ],
      [
        -0.04289482397218321,
        -0.9955641806676295,
        0.08373766325846277
      ],
      [
        0.0042513616580117704,
        0.08363216096347209,
        0.9964876254006535
      ]
    ],
    "rms_um": 43.41025545528274
  }
}