{
  "subject_id": "788406",
  "n_gt_pairs": 784,
  "m1_diag": {
    "best_ncc": 0.46725994348526,
    "sxy": 2.0,
    "sz": 2.0,
    "off": [
      21,
      24,
      68
    ],
    "t_um": [
      889.0,
      915.9366411797704,
      1793.9577607865135
    ],
    "tpl_shape": [
      50,
      48,
      48
    ],
    "robust_z": 1.1995632892747843,
    "n_peaks": 12,
    "peak_median": 0.4366045296192169,
    "peak_mad": 0.01723693411214447,
    "spacing_um": 20.0,
    "sigma_um": 40.0
  },
  "pred_gt_dist_quantiles": {
    "p50": 677.2189200727028,
    "p95": 755.8178785720747,
    "p99": 782.8420554472184,
    "max": 813.1108657381803,
    "min": 553.456146043287
  },
  "dist_thresholds_counts": {
    "lt5": 0,
    "lt10": 0,
    "lt20": 0,
    "lt50": 0,
    "lt100": 0,
    "lt200": 0
  },
  "rank_distribution_score": {
    "p50": 3920,
    "p95": 5021,
    "lt_5": 0,
    "lt_10": 0,
    "lt_20": 0,
    "lt_50": 0,
    "lt_100": 0
  },
  "rank_distribution_distance_only": {
    "p50": 3933,
    "lt_5": 0,
    "lt_10": 0,
    "lt_20": 0,
    "lt_50": 0,
    "lt_100": 0
  },
  "rank_distribution_cosine_only": {
    "p50": 9034,
    "lt_5": 1,
    "lt_10": 1,
    "lt_20": 2,
    "lt_50": 3,
    "lt_100": 5
  },
  "N_gt_with_both_ids": 784
}