{
  "best_ncc": 0.46725994348526,
  "sxy": 2.0,
  "sz": 2.0,
  "off": [
    21,
    24,
    68
  ],
  "t_um": [
    889.0,
    915.9366411797704,
    1793.9577607865135
  ],
  "tpl_shape": [
    50,
    48,
    48
  ],
  "robust_z": 1.1995632892747843,
  "n_peaks": 12,
  "peak_median": 0.4366045296192169,
  "peak_mad": 0.01723693411214447,
  "spacing_um": 20.0,
  "sigma_um": 40.0
}