subject,trans_frac,log_p10,log_p50,log_p90,thr_floor,median_thr,n_valid_trans,median_trans_z_um
755252,0.02,6.512711477279663,7.464691162109375,7.97078800201416,4.5,7.490949990749359,400,46.0
767018,0.02,7.961370468139648,8.315321922302246,8.687610626220703,4.5,8.318046440124512,400,34.0
767022,0.02,6.304270267486572,7.155369758605957,7.67622184753418,4.5,6.941496067523957,400,46.0
782149,0.02,6.375030994415283,6.927474021911621,7.217065811157227,4.5,6.970533350467682,400,38.0
788406,0.02,6.550852298736572,6.790656566619873,7.07149600982666,4.5,6.806511175632477,400,41.0
790322,0.02,6.355293273925781,6.899683475494385,7.364753723144531,4.5,6.837443809509277,400,46.0
