subject,z_um,xy_um,vol_shape,median_top_z_um,median_bottom_z_um,median_bottom_surface_z_um,median_thickness_um,n_valid_top,n_valid_bot,n_bottom_in_mad_gate,hcr_centroid_z_p01,hcr_centroid_z_p99
755252,4.0,3.9461366782330463,"(410, 461, 462)",396.0,1230.0,1228.0170858810598,844.6512879232428,400,400,398,286.0,1311.0
767018,4.0,3.9461366782330463,"(365, 580, 578)",268.0,1292.0,1287.266459909189,1013.7432909511942,400,400,399,182.0,1293.0
767022,4.0,3.9461366782330463,"(375, 462, 461)",252.0,1256.0,1254.7621753794515,1005.5958359251222,400,400,400,244.0,1273.0
782149,4.0,3.9208892743996073,"(251, 580, 578)",300.0,856.0,856.170990611186,552.716189968173,400,400,341,122.0,859.0
788406,4.0,3.9577607865135778,"(379, 580, 579)",108.0,1260.0,1258.1395619541597,1158.013597855572,400,400,399,64.0,1283.0
790322,4.0,3.9208892743996073,"(338, 578, 579)",144.0,1152.0,1147.8560170007888,1004.9079106624456,400,400,399,128.0,1139.0
