subject,cz_shape,cz_z_um,cz_xy_um,log_p10,log_p50,log_p90,log_p99,thr_floor,median_thr,n_valid_trans,median_trans_z_um
755252,"(450, 512, 512)",1.0,0.78,6.512711477279663,7.464691162109375,7.97078800201416,8.67117405891419,4.5,8.027660024166106,400,58.0
767018,"(450, 512, 512)",1.0,0.78,7.961370468139648,8.315321922302246,8.687610626220703,9.306559562683105,4.5,8.81300072669983,400,42.0
767022,"(450, 512, 512)",1.0,0.78,6.304270267486572,7.155369758605957,7.67622184753418,8.274794578552246,4.5,7.522756040096283,400,102.5
782149,"(450, 512, 512)",1.0,0.78,6.375030994415283,6.927474021911621,7.217065811157227,7.69301700592041,4.5,7.253074443340301,400,52.0
788406,"(450, 512, 512)",1.0,0.78,6.550852298736572,6.790656566619873,7.07149600982666,7.538575172424316,4.5,7.118436121940613,400,49.0
790322,"(450, 512, 512)",1.0,0.78,6.355293273925781,6.899683475494385,7.364753723144531,8.023931503295898,4.5,7.362605667114258,400,54.0
