subject,cz_shape,prior_z_um,selected_trans_frac,median_col_trans_z,median_surface_z,abs_dev_from_prior,n_in_gate,n_valid,gate_um
755252,"(450, 512, 512)",50.0,0.2,49.0,48.52410034663994,1.4758996533600595,400,400,75.0
767018,"(450, 512, 512)",50.0,0.5,42.0,41.73098945138613,8.26901054861387,396,400,75.0
767022,"(450, 512, 512)",50.0,0.15,50.0,50.21048556886848,0.2104855688684779,397,400,75.0
782149,"(450, 512, 512)",50.0,0.5,52.0,45.88133652472392,4.11866347527608,319,400,75.0
788406,"(450, 512, 512)",50.0,0.5,49.0,48.52214783046047,1.4778521695395312,395,400,75.0
790322,"(450, 512, 512)",50.0,0.3,50.0,49.95549648966045,0.04450351033955258,400,400,75.0
