subject,auto_selected,detection_source,delta_log,thr_floor,poly_degree,huber_k,median_thr,n_valid_trans,median_trans_z_um,delta_z_vs_n22_um,delta_z_vs_auto_um
755252,mid488_tq0.85,combined,3.0,-6.3,2,1.5,-3.1708680897951123,400,396.0,22.277851645324063,22.156239441662663
767018,only594_tq0.85,combined,3.0,-6.3,2,1.5,-3.09753398001194,400,268.0,6.318922533063827,6.485827889178097
767022,all_tq0.70,combined,3.0,-6.3,2,1.5,-3.167740046977997,400,252.0,1.1168596292339572,25.039086401150357
782149,no405_tq0.85,combined,3.0,-6.3,2,1.5,-3.092395156621933,400,300.0,19.340817403783547,14.123787596625704
788406,no405_tq0.85,combined,3.0,-6.3,2,1.5,-3.1381774097681046,400,108.0,19.548991325040063,25.556945751267953
790322,all_tq0.70,combined,3.0,-6.3,2,1.5,-3.1389265045523644,400,144.0,22.265439765524,0.2347726120900191
