subject,log_p10,log_p50,log_p90,log_p99,thr_floor,noise_k,median_thr,n_valid_trans,median_trans_z_um
755252,6.512711477279663,7.464691162109375,7.97078800201416,8.67117405891419,4.5,3.0,8.49424149839878,287,84.0
767018,7.961370468139648,8.315321922302246,8.687610626220703,9.306559562683105,4.5,3.0,8.491412520456315,400,37.0
767022,6.304270267486572,7.155369758605957,7.67622184753418,8.274794578552246,4.5,3.0,8.664737556433678,166,208.5
782149,6.375030994415283,6.927474021911621,7.217065811157227,7.69301700592041,4.5,3.0,7.275795398998261,379,46.0
788406,6.550852298736572,6.790656566619873,7.07149600982666,7.538575172424316,4.5,3.0,7.014310481262207,385,45.0
790322,6.355293273925781,6.899683475494385,7.364753723144531,8.023931503295898,4.5,3.0,7.485991753768921,365,56.0
