subject,offset,log_p10,log_p50,log_p90,log_p99,thr_floor,median_thr,n_valid_trans,median_trans_z_um
755252,2.8478243350982666,6.508474826812744,7.463057994842529,7.969803810119629,8.670685768127441,-6.3,8.026508402824401,400,58.0
767018,5.3759765625,7.959494113922119,8.314005851745605,8.6867036819458,9.306071281433105,-6.3,8.812080383300781,400,42.0
767022,1.9158774614334106,6.3007612228393555,7.153872966766357,7.675333023071289,8.274306297302246,-6.3,7.52143931388855,400,102.5
782149,1.0707907676696777,6.373205184936523,6.9264235496521,7.21627950668335,7.692528252601626,-6.3,7.25225157737732,400,52.0
788406,0.9175534248352051,6.5495405197143555,6.7896246910095215,7.070716857910156,7.538086419105532,-6.3,7.117655456066132,400,49.0
790322,1.4907984733581543,6.352699279785156,6.898179531097412,7.363809108734131,8.023443222045898,-6.3,7.361524593830109,400,54.0
