subject,iter4_selection,iter6_selection,agree,above_frac,onset_um,Q_selected,Qcon_n_selected,n_in_tissue,n_oot
755252,mid488_tq0.85,mid488_tq0.85,True,0.005081143969703086,2.5,0.05060720443725586,0.9817699024616686,400,0
767018,only594_tq0.85,only594_tq0.85,True,0.005621808932224946,2.5,0.014353575650602579,0.9998098947435377,400,0
767022,all_tq0.70,all_tq0.70,True,0.00019649968560050304,2.5,0.014000000432133675,0.9999284853274234,398,2
782149,no405_tq0.85,no405_tq0.85,True,0.0008144358759003335,2.5,0.01958327926695347,0.9998438526047126,391,9
788406,no405_tq0.85,no405_tq0.85,True,0.0034413671184443137,2.5,0.0014198782737366855,0.9991790079190308,400,0
790322,all_tq0.70,all_tq0.70,True,0.011252220833059157,2.5,0.0022327216574922204,0.9985140333405587,400,0
