subject,cz_shape,z_baseline_um,z_max_um,k_sigma,median_baseline_mu,median_baseline_sigma,median_thr,n_valid_in_search_window,median_col_z_iter09,median_surf_z_iter09,median_surf_z_iter08,abs_dev_iter09_from_prior,abs_dev_iter08_from_prior,iter08_tf
755252,"(450, 512, 512)",30.0,120.0,3.0,6.577737331390381,0.05,7.299428176879883,266,43.0,41.05019378314064,48.52410034663994,8.949806216859358,1.4758996533600595,0.2
767018,"(450, 512, 512)",30.0,120.0,3.0,7.9325337409973145,0.05,8.635232400894164,352,39.0,38.624803593120376,41.73098945138613,11.375196406879624,8.26901054861387,0.5
767022,"(450, 512, 512)",30.0,120.0,3.0,6.131988763809204,0.05,6.831988763809204,398,44.0,44.0884308982979,50.21048556886848,5.911569101702099,0.2104855688684779,0.15
782149,"(450, 512, 512)",30.0,120.0,3.0,5.679824352264404,0.9674303067684173,8.571678209924698,133,37.0,39.555882758859084,45.88133652472392,10.444117241140916,4.11866347527608,0.5
788406,"(450, 512, 512)",30.0,120.0,3.0,6.537122964859009,0.05,7.275325965881348,177,50.0,52.39637127501075,48.52214783046047,2.3963712750107504,1.4778521695395312,0.5
790322,"(450, 512, 512)",30.0,120.0,3.0,6.290118455886841,0.05,7.064146709442139,237,48.0,47.21543173353809,49.95549648966045,2.7845682664619105,0.04450351033955258,0.3
