subject,n_in_tissue,n_oot,oot_frac,global_max,col_thr
755252,400,0,0.0,8.045531387329104,0.40227656936645523
767018,400,0,0.0,4.786950542926765,0.23934752714633825
767022,398,2,0.005,8.757290935516357,0.4378645467758179
782149,391,9,0.0225,5.999551899433133,0.29997759497165666
788406,400,0,0.0,4.708649640083307,0.23543248200416533
790322,400,0,0.0,5.568213553428653,0.2784106776714327
