{
  "has_teaser": false,
  "n_inliers": 69,
  "n_putative": 4660,
  "c_bar": 15.0,
  "scales": [
    0.9985596059823767,
    0.9849641926648243,
    0.9912764784006273
  ],
  "resample_error": "The truth value of an array with more than one element is ambiguous. Use a.any() or a.all()"
}