subject,c5_r20,b3_r20,b3_hits,b3_n,b3_med,n_seed_spatial,n_seed_kept,delta,wall_s
788406,0.2617534942820839,0.10292249047013977,81,497,111.35223101589085,30,23,-0.15883100381194412,216.80439591407776
790322,0.2892030848329049,0.07455012853470437,58,373,80.13917457847526,30,23,-0.21465295629820053,151.58584260940552
767018,0.315018315018315,0.18681318681318682,51,243,44.45485843815344,30,23,-0.1282051282051282,149.25007462501526
