subject,c5_r20,b3b_r20,b3b_hits,b3b_n,b3b_med,n_c5,n_seed_kept,n_gap,n_added,delta,wall_s
788406,0.2617534942820839,0.2617534942820839,206,916,86.54859584849152,916,23,16,0,0.0,151.96989274024963
790322,0.2892030848329049,0.29048843187660667,226,894,72.17778090694219,893,23,123,1,0.0012853470437017567,125.30986976623535
767018,0.315018315018315,0.315018315018315,86,744,70.58819204706928,744,23,41,0,0.0,126.91410946846008
