subject,n_hcr,raw_up_P1_P4_P6,raw_up_P4_P1_P6,raw_up_P6_P1_P4,raw_uc3,cal_uc3,C5_auto,C5_auto_cal,cal_uc3_mid_up
788406,17427,0.2630241423125794,0.19695044472681067,0.241423125794155,0.20330368487928843,0.26429479034307496,0.2630241423125794,0.2630241423125794,0.2630241423125794
790322,10131,0.2892030848329049,0.2236503856041131,0.2763496143958869,0.2300771208226221,0.2866323907455013,0.2892030848329049,0.2892030848329049,0.2892030848329049
755252,30804,0.06572769953051644,0.09546165884194054,0.07042253521126761,0.0892018779342723,0.07668231611893583,0.09546165884194054,0.09546165884194054,0.07668231611893583
767022,14239,0.11727616645649433,0.07944514501891552,0.09205548549810845,0.0832282471626734,0.10970996216897856,0.11727616645649433,0.11727616645649433,0.11727616645649433
767018,9161,0.19413919413919414,0.3076923076923077,0.2893772893772894,0.315018315018315,0.27106227106227104,0.315018315018315,0.27106227106227104,0.27106227106227104
782149,3831,0.0,0.0,0.0,0.0,0.0,0.0,0.0,0.0
