subject,n_hcr,uc3_raw,uc3_cal
788406,17427,0.20330368487928843,0.26429479034307496
790322,10131,0.2300771208226221,0.2866323907455013
755252,30804,0.0892018779342723,0.07668231611893583
767022,14239,0.0832282471626734,0.10970996216897856
767018,9161,0.315018315018315,0.27106227106227104
782149,3831,0.0,0.0
