subject,ss_seed,ss_trim,ss_rank,ss_n_lt50,ss_median,or_seed,or_trim,or_rank,or_n_lt50,or_median
788406,gfp_dz-100,0.4,229.03969957081546,191,77.60382629025554,gfp_dz-100,0.4,229.03969957081546,191,77.60382629025554
755252,gfp_q75,0.8,439.7125748502994,0,697.9266538185169,hcr_gfp,0.6,417.0,179,73.84703306520824
767018,hcr_gfp,0.9,115.99999999999999,41,103.60730638786673,hcr_gfp,0.6,88.27515923566878,43,85.67722420624753
767022,hcr_gfp,0.5,216.90280777537797,0,214.79930140958098,hcr_gfp,0.4,155.04319654427644,0,248.712647175315
782149,gfp_q25,0.7,39.619686800894854,0,1162.3741327059613,hcr_gfp,0.4,14.149888143176733,0,468.96400347604583
790322,hcr_gfp,0.8,144.17716535433073,279,62.157925809048024,hcr_gfp,0.8,144.17716535433073,279,62.157925809048024
