held_subject,n_train,n_eval,acc,f1_macro,best_iter,f1_bad,f1_bad_ok,f1_good,f1_merged,n_train_bad,n_eval_bad,n_train_bad_ok,n_eval_bad_ok,n_train_good,n_eval_good,n_train_merged,n_eval_merged
755252,1425,420,0.7095238095238096,0.7029390416876987,104,0.7597765363128491,0.5822784810126582,0.5977011494252874,0.872,226,83,372,104,468,105,359,128
767018,1547,298,0.62751677852349,0.6271397378526019,76,0.6521739130434783,0.5394736842105263,0.6633165829145728,0.6535947712418301,269,40,401,75,450,123,427,60
767022,1583,262,0.7290076335877863,0.7116728622705724,54,0.6129032258064516,0.6308724832214765,0.7719298245614035,0.8309859154929577,273,36,400,76,487,86,423,64
782149,1554,291,0.6563573883161512,0.6310742126137201,114,0.7049180327868853,0.35185185185185186,0.7253886010362695,0.7421383647798742,248,61,420,56,469,104,417,70
788406,1562,283,0.7385159010600707,0.7353097185204764,55,0.7341772151898734,0.6967741935483871,0.7012987012987013,0.8089887640449438,270,39,397,79,501,72,394,93
790322,1554,291,0.7422680412371134,0.7432063402300096,66,0.7676767676767676,0.6754966887417219,0.768361581920904,0.7612903225806451,259,50,390,86,490,83,415,72
