held_subject,n_train,n_eval,auc,ap,brier,acc@0.5,best_iter,n_pos_train,n_neg_train,n_pos_eval,n_neg_eval
755252,1425,420,0.9422435882899839,0.9491016684613569,0.09460534664745462,0.8714285714285714,145,840,585,209,211
767018,1547,298,0.882020202020202,0.934330160379947,0.1487913399852469,0.7651006711409396,103,851,696,198,100
767022,1583,262,0.9158024691358024,0.948942194836786,0.11692833163008459,0.8435114503816794,41,887,696,162,100
782149,1554,291,0.8824188931297711,0.8989198070268609,0.14349957058705962,0.8075601374570447,135,889,665,160,131
788406,1562,283,0.9529399959863536,0.9626541918320148,0.09379321082432017,0.8551236749116607,57,898,664,151,132
790322,1554,291,0.9193908235522359,0.9433923644394564,0.11378419742176915,0.8350515463917526,94,880,674,169,122
