{
  "P": 4000,
  "axis_scale": [
    2.3243629562138266,
    1.5804755771619132,
    1.585034121166268
  ],
  "hcr_quality_beta": 8.0
}