{
  "P": 4000,
  "axis_scale": [
    3.7150544963745813,
    1.9988910308141365,
    1.9893888340046215
  ],
  "hcr_quality_beta": 8.0
}