{
  "P": 4000,
  "axis_scale": [
    2.35931370366197,
    1.9640662606985524,
    1.9620309496390747
  ],
  "hcr_quality_beta": 8.0
}