{
  "P": 4000,
  "axis_scale": [
    3.358957510637178,
    1.8639102045274298,
    1.8558974081047934
  ],
  "hcr_quality_beta": 8.0
}