subject,n_gt,sxy,sz,rms,median,n_lt5,n_lt10,n_lt50
788406,787,1.7968436588149925,2.8217672721575737,41.810299934295244,36.37005907398002,5,31,588
755252,639,1.53425954576923,2.140298633192138,310.7872014185518,72.12169913398989,0,3,150
767018,273,1.7290639244976265,3.5118733858110853,29.767305949225992,85.77005433582575,1,1,43
767022,793,1.6747939009855841,2.4913369266803924,304.9161274275808,64.42860887024476,2,8,268
782149,303,1.9633952957200407,2.9080536534305974,28.974057026915013,35.22368103542304,0,12,243
790322,778,1.7991283655603907,3.0315665652534367,21.26983522716336,13.303933152953668,34,225,759
