subject,c5_r20,g1loso_r20,c2_r20,c2_hits,c2_n,c2_med,train_loss_final,train_loss_mean50,delta_c5,delta_g1,train_s,infer_s
788406,0.2617534942820839,0.013,0.005082592121982211,4,887,315.257161686254,0.042639486491680145,0.1326133541762829,-0.2566709021601017,-0.007917407878017788,26267.699692964554,4.656530857086182
790322,0.2892030848329049,0.113,0.006426735218508998,5,890,383.53849498001296,0.12885069847106934,0.21611629135906696,-0.2827763496143959,-0.10657326478149101,29545.239788532257,2.4550864696502686
767018,0.315018315018315,0.055,0.0,0,713,362.3364491166321,0.14626193046569824,0.11443077562376856,-0.315018315018315,-0.055,29274.487823486328,2.1583211421966553
