subject,ss_seed,ss_trim,ss_n50,or_seed,or_trim,or_n50,or_median
788406,gfp_dz-100,0.4,191,gfp_dz-100,0.4,191,77.60382629025554
755252,i2,0.6,132,hcr_gfp,0.6,179,73.84703306520824
767022,gfp_q75,0.4,0,hcr_gfp,0.4,0,248.712647175315
782149,gfp_q25,0.8,0,hcr_gfp,0.4,0,468.96400347604583
