subject,i2_median,i2_n_lt50,default_n50,default_median,i2_seed_n50,i2_seed_median,i2_trim_n50,i2_trim_level
788406,330.54955651172673,3,12,143.27195856441256,0,162.00444646835467,89,0.6
755252,262.1351677995059,1,178,74.49177987254264,135,80.6330890336029,135,0.9
767022,393.6210167251013,3,0,247.36435579838192,0,232.15989700695533,0,
782149,339.53781626470504,3,0,451.2529762225257,0,384.3375050111149,0,
