subject,ss_pick,ss_r20,oracle_pick,oracle_r20,p1_r20,p4_r20,p14_r20,match
788406,P1,0.2096569250317662,P14,0.21092757306226176,0.2096569250317662,0.1588310038119441,0.21092757306226176,0
755252,P1,0.04381846635367762,P4,0.057902973395931145,0.04381846635367762,0.057902973395931145,0.057902973395931145,0
767022,P14,0.05296343001261034,P1,0.10844892812105927,0.10844892812105927,0.04791929382093316,0.05296343001261034,0
782149,P1,0.0,P1,0.0,0.0,0.0,0.0,1
