subject,p1_r20,p1_n,p1_med,p1_wall,p6_r20,p6_n,p6_med,p6_wall,uc_r20,uc_n,uc_med,up1_r20,up1_n,up1_med,in_r20,in_n,in_prec,oracle_r20
788406,0.2337992376111817,635,80.19153387144371,135.22808599472046,0.17534942820838628,594,80.34179859974476,43.7325701713562,0.22617534942820838,700,81.12290289373598,0.25158831003811943,700,80.19712317507444,0.14104193138500634,363,0.3002754820936639,0.2337992376111817
790322,0.2506426735218509,508,60.89749898962522,108.29750370979309,0.2236503856041131,481,60.772663208685216,26.901738166809082,0.2532133676092545,566,64.80054709364902,0.2686375321336761,566,63.31841214274827,0.20308483290488433,391,0.39641943734015345,0.2506426735218509
755252,0.04381846635367762,461,98.51161838614036,109.04976391792297,0.051643192488262914,543,102.37691474573334,68.08897948265076,0.06416275430359937,595,102.68589635806687,0.054773082942097026,595,100.10840712918204,0.01564945226917058,200,0.04,0.051643192488262914
767022,0.1034047919293821,593,110.90629262242818,85.52118730545044,0.05296343001261034,525,123.86177683510087,25.050320386886597,0.09079445145018916,699,120.51556736910975,0.11727616645649433,699,110.32840961094347,0.0201765447667087,134,0.11194029850746269,0.1034047919293821
767018,0.14285714285714285,223,80.23489286351419,118.06632828712463,0.26373626373626374,216,65.7145602479514,23.34180212020874,0.2783882783882784,246,70.76146405715204,0.17582417582417584,246,76.93337205656235,0.11721611721611722,114,0.2807017543859649,0.26373626373626374
782149,0.0,140,1134.9367993992,83.11049389839172,0.0,118,1144.3512308347092,18.550122499465942,0.0,184,1141.2909873718716,0.0,184,1138.7066246529303,0.0,41,0.0,0.0
