subject,n_active_lm,scale_x,scale_y,scale_z,xy_mean_scale,anisotropy_xy_over_z,rotation_z_deg,residual_rms_um,residual_mean_um,residual_max_um
755252,647,1.660149196626114,1.6195466983907951,2.129007874042844,1.6398479475084544,0.770240433350062,-173.005503344162,27.118795938886542,24.700764580614276,83.26472548903627
767018,574,1.6847080510229655,1.7185763288832634,3.5829933709229174,1.7016421899531144,0.4749219475990269,-169.74079284030117,25.044759233701757,21.74249356957537,87.55701166772056
767022,789,1.7810074337587385,1.8374538255661768,2.489843884813637,1.8092306296624576,0.7266442047622103,174.70677592438244,15.580353372728645,13.790060528854564,53.118632959359815
782149,317,1.9810399810327493,1.868527967232889,2.9261123017624158,1.924783974132819,0.6577956604650852,-177.66351844631978,29.1338333358279,26.321056077359373,64.75036292871482
788406,604,1.6918156672554574,1.8678020151105574,2.8202809348934874,1.7798088411830073,0.6310750177979076,-177.5415310893261,43.41025545528274,38.931358864492395,113.91071944772864
790322,437,1.6614098998699605,1.8714917114854261,3.0416907644628366,1.7664508056776933,0.5807463488122366,179.52199737389105,21.67754011141823,17.70410368203365,91.2092017537965
