channel,status,c_um,tilt_deg,residual_std_um,n_columns
405,ok,41.944245298260185,1.992912274965899,23.402651421117078,28393.0
488,ok,164.08406006659015,1.3317830423935315,96.00814886139118,176.0
561,ok,47.120849904245354,2.4620294856067844,37.77220327614271,29372.0
594,failed,,,,
combined(405+488+561+594),ok,134.9708491441895,2.7630859424772476,92.73063046627927,35038.0
