subject,cz_mean_1nn_um,cz_mean_5nn_um,hcr_all_mean_1nn_um,hcr_all_mean_5nn_um,hcr_gfp_mean_1nn_um,hcr_gfp_mean_5nn_um
755252,23.586139197313955,35.42022466053865,17.104296002180217,25.165288773043702,18.641770283458136,26.80639728252119
767018,24.61981181283399,37.05952691292839,19.96376122977609,28.72192128332027,25.893213530285543,36.33757209603965
767022,23.787184315992523,36.006578948395834,19.75178857161215,28.42392804599349,20.970459202151698,29.677498498908758
782149,23.368622341347095,35.45400985431279,20.04593157232317,29.729283674115308,26.528299724963073,37.88302832243395
788406,21.629928025252767,33.20258615485592,20.728910000413034,29.54138614323862,25.49442779270053,35.91013849160008
790322,21.54417570881604,32.869354361553164,21.064538077477764,29.822775269155315,24.97728602573642,34.75484461225459
