subject,method,c,tilt_deg,rough_um,frac_above_pia,n_roi_used,n_columns
755252,"hybrid (prior=ROI density only, q=0.00, window=100.0um)",258.65930338134154,7.750201661022962,37.205980223257654,0.040079303835788824,84233,18624
767018,"hybrid (prior=ROI density only, q=0.00, window=100.0um)",129.69757793866438,6.608405418928661,37.49540484817858,0.024920280906125008,108506,19438
767022,"hybrid (prior=ROI density only, q=0.00, window=100.0um)",266.60218773033233,3.060020277366576,68.68246387141241,0.04404212953259275,76336,17751
782149,"hybrid (prior=ROI density only, q=0.00, window=100.0um)",6.113158574362788,11.362289319957219,34.60076213179428,0.056934157949657685,39291,26971
788406,"hybrid (prior=ROI density only, q=0.00, window=100.0um)",148.49627370570707,2.866392969510579,56.76092753128554,0.05785896680416421,127275,21174
790322,"hybrid (prior=ROI density only, q=0.00, window=100.0um)",236.45453461145863,3.7493513546264507,47.4791032113011,0.08223427556190602,106379,19619
