subject,n_hcr_roi,n_above_pia,frac_above_pia,local_density_30um_above_med,local_density_30um_intis_med,local_density_30um_above_p75,local_density_30um_intis_p25,local_density_30um_cut,local_density_30um_frac_above_captured,k5_mean_um_above_med,k5_mean_um_intis_med,k5_mean_um_above_p75,k5_mean_um_intis_p25,k5_mean_um_cut,k5_mean_um_frac_above_captured,volume_px_above_med,volume_px_intis_med,volume_px_above_p75,volume_px_intis_p25,volume_px_cut,volume_px_frac_above_captured,spot_488_counts_above_med,spot_488_counts_intis_med,spot_488_counts_above_p75,spot_488_counts_intis_p25,spot_488_counts_cut,spot_488_counts_frac_above_captured
755252,84233,1785,0.021191219593271044,24.0,4.0,37.0,3.0,3.0,0.04257703081232493,8.323048249874535,26.408966352750117,12.04303404473632,21.858250678245696,30.108337158596907,0.0392156862745098,,,,,,,,,,,,
767018,108506,11666,0.1075147918087479,27.0,3.0,41.0,2.0,2.0,0.055974627121549804,7.916266046035849,30.84579683414266,11.3796059365352,27.134779968976297,34.512401734477315,0.05751757243271044,7456.0,140352.0,22588.0,103056.0,103056.0,0.9051724137931034,173.5,30.0,297.0,12.0,12.0,0.1774193548387097
767022,76336,3507,0.045941626493397614,16.0,3.0,34.0,2.0,2.0,0.11833475905332193,9.678218425267351,29.524105117388512,18.835302774437743,25.572298843378825,33.33222029665239,0.14143142286854862,,,,,,,,,,,,
782149,39291,3230,0.08220712122368991,17.0,3.0,30.0,2.0,2.0,0.056656346749226004,9.243184307902332,32.884738223602994,15.079742194136943,27.169849804104672,37.33679333906038,0.04458204334365325,8304.0,136336.0,45792.0,70684.0,70684.0,0.794755877034358,14.0,70.0,31.0,28.0,28.0,0.7311320754716981
788406,127275,6632,0.0521076409349833,19.0,3.0,35.0,2.0,2.0,0.16450542822677924,8.830070432526107,30.40596737215329,20.297004966293162,26.98675782547605,33.88229852183488,0.18139324487334138,11376.0,132000.0,47008.0,89552.0,89552.0,0.8189162561576354,268.5,39.0,404.0,15.0,15.0,0.11239193083573487
790322,106379,6975,0.06556745222271312,16.0,3.0,36.5,2.0,2.0,0.16243727598566307,9.09699978022158,30.878213535734808,21.129668782824616,27.37043048845124,34.373613259305486,0.1674551971326165,9040.0,143024.0,36884.0,100800.0,100800.0,0.8659250585480094,222.5,60.0,383.0,22.0,22.0,0.20069605568445475
