subject,baseline_frac_above,best_method,best_frac_above,delta_pp
755252,0.021191219593271044,"ROI density only, q=0.00",0.07721439340875903,5.602317381548799
767018,0.1075147918087479,"ROI density only, q=0.00",0.06324995852763902,-4.426483328110888
767022,0.045941626493397614,"ROI density only, q=0.00",0.04679312513099979,0.08514986376021785
782149,0.08220712122368991,"ROI density only, q=0.00",0.05833396961136138,-2.387315161232853
788406,0.0521076409349833,"ROI density only, q=0.00",0.0553918680023571,0.3284227067373795
790322,0.06556745222271312,"ROI density only, q=0.00",0.10650598332377631,4.093853110106319
