subject,cz_cells,hcr_total_cells,hcr_gfp_cells,gfp_feature,gfp_fraction,cz_xy_um_per_px,hcr_xy_um_per_px,cz_extent_um,hcr_extent_um,matched_cells,match_rate,n_manual_landmarks,n_active_landmarks,n_landmark_iters
755252,835,84233,77785,mean,0.9234504291667162,0.78,0.9865341695582616,"(420.0, 394.0, 393.0)","(1247.0, 1817.0, 1816.0)",639,0.7652694610778443,22,647,2
767018,785,108506,58959,density,0.543370873500083,0.78,0.9865341695582616,"(415.0, 395.0, 398.0)","(1344.0, 2285.0, 2274.0)",273,0.34777070063694265,6,574,3
767022,926,76336,72213,mean,0.9459887864179417,0.78,0.9865341695582616,"(407.0, 392.0, 392.0)","(1174.0, 1818.0, 1818.0)",793,0.8563714902807775,21,789,2
782149,894,39291,25251,density,0.6426662594487287,0.78,0.9802223185999018,"(424.0, 393.0, 392.0)","(878.0, 2265.0, 2258.0)",303,0.3389261744966443,14,317,4
788406,932,127275,69680,density,0.5474759379296799,0.78,0.9894401966283944,"(412.0, 394.0, 392.0)","(1329.0, 2286.0, 2284.0)",787,0.8444206008583691,31,604,4
790322,1016,106379,72532,density,0.6818263003036313,0.78,0.9802223185999018,"(404.0, 394.0, 392.0)","(1160.0, 2261.0, 2265.0)",778,0.765748031496063,32,437,6
