subject,baseline,best_stageB,stageC_hybrid
755252,0.021191219593271044,0.07721439340875903,0.040079303835788824
767018,0.1075147918087479,0.06324995852763902,0.024920280906125008
767022,0.045941626493397614,0.04679312513099979,0.04404212953259275
782149,0.08220712122368991,0.05833396961136138,0.056934157949657685
788406,0.0521076409349833,0.0553918680023571,0.05785896680416421
790322,0.06556745222271312,0.10650598332377631,0.08223427556190602
