cz_id,hcr_id,confidence,cz_x_um,cz_y_um,cz_z_um,hcr_x_um,hcr_y_um,hcr_z_um
562,76612,0.8807970779778779,273.85262569832406,230.10352753391862,264.7603085927108,1136.8667859260252,1145.7717476956807,788.0
527,74937,0.8807970779778788,367.38413135593225,98.24694915254238,246.07627118644064,1049.7960486227264,1278.3567340438856,775.0
56,50501,0.8807970779778801,268.015142009326,272.61545570156846,72.87791437049597,1152.6978290720795,1099.2680584541463,612.0
213,57532,0.8807970779778806,182.0862700228833,242.67370709382155,130.95737986270024,1244.7157673585202,1138.845666319282,657.0
903,91766,0.8807970779778553,51.148806660499545,193.23050878815909,401.4101140918903,1367.406351740441,1185.3493555608165,926.0
