{
  "has_teaser": false,
  "n_inliers": 151,
  "n_putative": 4175,
  "c_bar": 15.0,
  "scales": [
    0.9384285818345443,
    1.0044495391459887,
    0.9957759958256126
  ]
}