{
  "has_teaser": false,
  "n_inliers": 54,
  "n_putative": 4630,
  "c_bar": 15.0,
  "scales": [
    0.822930244083313,
    1.0073981864918475,
    0.9999479410850981
  ]
}