{
  "has_teaser": false,
  "n_inliers": 15,
  "n_putative": 4470,
  "c_bar": 15.0,
  "scales": [
    0.7676951840814967,
    0.9880841198361938,
    1.0065845381960963
  ]
}