{
  "has_teaser": false,
  "n_inliers": 66,
  "n_putative": 4660,
  "c_bar": 15.0,
  "scales": [
    0.9498783561271871,
    0.9973294159033042,
    0.9921114563300973
  ]
}