{
  "755252": {
    "subject": "755252",
    "status": "ok",
    "xy_area_um2": 166635.9169509801,
    "depth_bin_um": 25.0,
    "depth_centers_um": [
      137.5,
      162.5,
      187.5,
      212.5,
      237.5,
      262.5,
      287.5,
      312.5,
      337.5,
      362.5,
      387.5,
      412.5,
      437.5,
      462.5,
      487.5,
      512.5,
      537.5,
      562.5,
      587.5,
      612.5,
      637.5,
      662.5,
      687.5
    ],
    "rho_cz_per_um3": [
      0.0,
      1.4402657265696307e-06,
      1.2002214388080256e-06,
      5.521018618516918e-06,
      9.121682934940995e-06,
      1.4402657265696306e-05,
      1.3922568690173096e-05,
      1.4642701553457912e-05,
      1.5602878704504332e-05,
      1.2962391539126676e-05,
      1.0081860085987415e-05,
      1.2002214388080256e-05,
      1.080199294927223e-05,
      1.7523233006597172e-05,
      1.8963498733166803e-05,
      1.3682524402411491e-05,
      1.0081860085987415e-05,
      9.121682934940995e-06,
      5.761062906278523e-06,
      3.6006643164240766e-06,
      0.0,
      0.0,
      0.0
    ],
    "rho_gfp_per_um3": [
      4.800885755232103e-07,
      2.160398589854446e-06,
      2.4004428776160512e-06,
      2.160398589854446e-06,
      2.4004428776160512e-06,
      2.160398589854446e-06,
      2.4004428776160512e-06,
      2.160398589854446e-06,
      3.6006643164240766e-06,
      3.6006643164240766e-06,
      1.2002214388080256e-06,
      2.160398589854446e-06,
      2.6404871653776563e-06,
      3.3606200286624715e-06,
      2.8805314531392614e-06,
      4.080752891947287e-06,
      2.4004428776160512e-06,
      3.3606200286624715e-06,
      2.160398589854446e-06,
      1.6803100143312358e-06,
      9.601771510464205e-07,
      4.800885755232103e-07,
      2.4004428776160513e-07
    ],
    "gfp_over_cz": [
      NaN,
      1.5,
      2.0,
      0.391304347826087,
      0.2631578947368421,
      0.15000000000000002,
      0.1724137931034483,
      0.1475409836065574,
      0.23076923076923078,
      0.2777777777777778,
      0.11904761904761905,
      0.18000000000000002,
      0.24444444444444444,
      0.19178082191780824,
      0.1518987341772152,
      0.29824561403508776,
      0.2380952380952381,
      0.3684210526315789,
      0.375,
      0.4666666666666667,
      NaN,
      NaN,
      NaN
    ],
    "cv_ratio": 0.31173614547971745,
    "integrated_ratio": 0.21668522888163202,
    "gate_pass": false,
    "n_cz_in_box": 835,
    "n_gfp_in_box": 213
  },
  "767018": {
    "subject": "767018",
    "status": "ok",
    "xy_area_um2": 156266.4110089104,
    "depth_bin_um": 25.0,
    "depth_centers_um": [
      387.5,
      412.5,
      437.5,
      462.5,
      487.5,
      512.5,
      537.5,
      562.5,
      587.5,
      612.5,
      637.5,
      662.5,
      687.5,
      712.5,
      737.5,
      762.5,
      787.5,
      812.5,
      837.5
    ],
    "rho_cz_per_um3": [
      0.0,
      4.095569840427876e-06,
      1.6638252476738246e-05,
      1.382254821144408e-05,
      1.9709929857059153e-05,
      1.5102413786577792e-05,
      1.7406171821818474e-05,
      1.356657509641734e-05,
      1.3054628866363856e-05,
      1.4590467556524307e-05,
      1.4078521326470823e-05,
      1.9709929857059153e-05,
      1.126281706117666e-05,
      1.0750870831123175e-05,
      8.191139680855752e-06,
      4.095569840427876e-06,
      2.5597311502674226e-06,
      7.679193450802268e-07,
      1.5358386901604536e-06
    ],
    "rho_gfp_per_um3": [
      2.5597311502674226e-07,
      1.5358386901604536e-06,
      7.679193450802268e-07,
      2.047784920213938e-06,
      1.5358386901604536e-06,
      1.2798655751337113e-06,
      2.047784920213938e-06,
      1.5358386901604536e-06,
      1.7918118051871956e-06,
      1.7918118051871956e-06,
      1.7918118051871956e-06,
      2.5597311502674226e-07,
      2.047784920213938e-06,
      2.047784920213938e-06,
      1.023892460106969e-06,
      3.071677380320907e-06,
      1.2798655751337113e-06,
      5.119462300534845e-07,
      5.119462300534845e-07
    ],
    "gfp_over_cz": [
      NaN,
      0.375,
      0.046153846153846156,
      0.14814814814814817,
      0.07792207792207793,
      0.08474576271186442,
      0.11764705882352941,
      0.11320754716981132,
      0.1372549019607843,
      0.12280701754385964,
      0.12727272727272726,
      0.012987012987012988,
      0.18181818181818182,
      0.19047619047619047,
      0.125,
      0.75,
      0.5,
      0.6666666666666666,
      0.3333333333333333
    ],
    "cv_ratio": 0.4169430429267355,
    "integrated_ratio": 0.1142646517683103,
    "gate_pass": false,
    "n_cz_in_box": 785,
    "n_gfp_in_box": 106
  },
  "767022": {
    "subject": "767022",
    "status": "ok",
    "xy_area_um2": 162940.86775032224,
    "depth_bin_um": 25.0,
    "depth_centers_um": [
      287.5,
      312.5,
      337.5,
      362.5,
      387.5,
      412.5,
      437.5,
      462.5,
      487.5,
      512.5,
      537.5,
      562.5,
      587.5,
      612.5,
      637.5,
      662.5,
      687.5,
      712.5,
      737.5
    ],
    "rho_cz_per_um3": [
      0.0,
      5.64622008402297e-06,
      1.374731846544723e-05,
      1.399280629518736e-05,
      9.819513189605164e-06,
      1.4483781954667618e-05,
      1.5465733273628132e-05,
      1.5465733273628132e-05,
      1.374731846544723e-05,
      1.4974757614147876e-05,
      1.2028903657266326e-05,
      1.4483781954667618e-05,
      1.4483781954667618e-05,
      2.3812319484792522e-05,
      1.669317242232878e-05,
      1.2519879316746584e-05,
      8.59207404090452e-06,
      7.364634892203873e-06,
      0.0
    ],
    "rho_gfp_per_um3": [
      9.819513189605164e-07,
      1.4729269784407747e-06,
      4.173293105582195e-06,
      1.4729269784407747e-06,
      1.4729269784407747e-06,
      1.963902637921033e-06,
      2.454878297401291e-06,
      3.6823174461019365e-06,
      1.4729269784407747e-06,
      2.454878297401291e-06,
      9.819513189605164e-07,
      3.4368296163618073e-06,
      1.7184148081809036e-06,
      1.2274391487006456e-06,
      1.2274391487006456e-06,
      2.9458539568815494e-06,
      2.9458539568815494e-06,
      3.927805275842066e-06,
      2.454878297401291e-07
    ],
    "gfp_over_cz": [
      NaN,
      0.2608695652173913,
      0.3035714285714286,
      0.10526315789473685,
      0.15,
      0.13559322033898305,
      0.15873015873015875,
      0.2380952380952381,
      0.10714285714285715,
      0.16393442622950818,
      0.08163265306122448,
      0.23728813559322032,
      0.11864406779661016,
      0.051546391752577324,
      0.07352941176470588,
      0.23529411764705885,
      0.34285714285714286,
      0.5333333333333333,
      NaN
    ],
    "cv_ratio": 0.4603895980538123,
    "integrated_ratio": 0.1607193842964236,
    "gate_pass": false,
    "n_cz_in_box": 926,
    "n_gfp_in_box": 164
  },
  "782149": {
    "subject": "782149",
    "status": "ok",
    "xy_area_um2": 171109.7912810542,
    "depth_bin_um": 25.0,
    "depth_centers_um": [
      162.5,
      187.5,
      212.5,
      237.5,
      262.5,
      287.5,
      312.5,
      337.5,
      362.5,
      387.5,
      412.5,
      437.5,
      462.5,
      487.5,
      512.5,
      537.5,
      562.5,
      587.5,
      612.5,
      637.5,
      662.5
    ],
    "rho_cz_per_um3": [
      0.0,
      0.0,
      1.4026082213249333e-06,
      1.1454633807486955e-05,
      1.4961154360799287e-05,
      1.636376258212422e-05,
      1.3324778102586865e-05,
      1.636376258212422e-05,
      1.2857242028811888e-05,
      1.5662458471461753e-05,
      1.2155937918149421e-05,
      8.883185401724576e-06,
      9.818257549274532e-06,
      9.818257549274532e-06,
      1.1688401844374444e-05,
      1.7532602766561664e-05,
      1.3792314176361843e-05,
      9.350721475499554e-06,
      4.207824663974799e-06,
      7.4805771803996435e-06,
      1.8701442950999109e-06
    ],