{
  "n_p1": 607,
  "n_p6": 661,
  "n_merged": 760,
  "wall_p1_s": 105.74190425872803,
  "wall_p6_s": 86.74168086051941,
  "method": "auto",
  "chosen_strategy": "union_p1_first",
  "sparse_threshold": 10000,
  "n_hcr_gfp": 30804
}