{
  "n_p1": 672,
  "n_p6": 576,
  "n_merged": 789,
  "wall_p1_s": 85.07182788848877,
  "wall_p6_s": 57.00837731361389,
  "method": "auto",
  "chosen_strategy": "union_p1_first",
  "sparse_threshold": 10000,
  "n_hcr_gfp": 14239
}