{
  "n_p1": 580,
  "n_p6": 497,
  "n_merged": 652,
  "wall_p1_s": 112.31259059906006,
  "wall_p6_s": 15.725666046142578,
  "method": "auto",
  "chosen_strategy": "union_conf",
  "sparse_threshold": 10000,
  "n_hcr_gfp": 9161
}