{
  "n_p1": 727,
  "n_p6": 679,
  "n_merged": 810,
  "wall_p1_s": 130.8482847213745,
  "wall_p6_s": 52.313023805618286,
  "method": "auto",
  "chosen_strategy": "union_p1_first",
  "sparse_threshold": 10000,
  "n_hcr_gfp": 17427
}