{
  "n_p1": 647,
  "n_p6": 603,
  "n_merged": 719,
  "wall_p1_s": 113.22496342658997,
  "wall_p6_s": 18.795310258865356,
  "method": "auto",
  "chosen_strategy": "union_p1_first",
  "sparse_threshold": 10000,
  "n_hcr_gfp": 10131
}