subject,c5_r20,c6b_r20,c6b_hits,c6b_n,delta
788406,0.2617534942820839,0.24777636594663277,195,916,-0.013977128335451117
790322,0.2892030848329049,0.2827763496143959,220,893,-0.006426735218509005
755252,0.09546165884194054,0.08763693270735524,56,812,-0.007824726134585291
767022,0.11727616645649433,0.10970996216897856,87,851,-0.007566204287515768
767018,0.315018315018315,0.2893772893772894,79,744,-0.025641025641025605
782149,0.0,0.0,0,662,0.0
