subject,c5_r20,c5_hits,c5_n,c6_r20,c6_hits,c6_n,delta
788406,0.2617534942820839,206,916,0.24777636594663277,195,916,-0.013977128335451117
790322,0.2892030848329049,225,893,0.2827763496143959,220,893,-0.006426735218509005
755252,0.09546165884194054,61,812,0.08763693270735524,56,812,-0.007824726134585291
767022,0.11727616645649433,93,851,0.10970996216897856,87,851,-0.007566204287515768
767018,0.315018315018315,86,744,0.27106227106227104,74,744,-0.043956043956043966
782149,0.0,0,662,0.0,0,662,0.0
